"date","type","year_cumsum","month_value","YoY_value"
"2014-11-01","Այլ աղբյուրներ",3.2,NA,NA
"2014-12-01","Այլ աղբյուրներ",4,0.7999999999999998,NA
"2015-01-01","Այլ աղբյուրներ",0.6,0.6,NA
"2015-02-01","Այլ աղբյուրներ",1.1,0.5000000000000001,NA
"2015-04-01","Այլ աղբյուրներ",1.7,0.5999999999999999,NA
"2015-05-01","Այլ աղբյուրներ",1.8999999999999997,0.19999999999999973,NA
"2015-06-01","Այլ աղբյուրներ",2.1,0.2000000000000004,NA
"2015-07-01","Այլ աղբյուրներ",2.2,0.10000000000000009,NA
"2015-08-01","Այլ աղբյուրներ",2.3,0.09999999999999964,NA
"2015-11-01","Այլ աղբյուրներ",3.1,0.8000000000000003,NA
"2015-12-01","Այլ աղբյուրներ",3.7,0.6000000000000001,NA
"2016-01-01","Այլ աղբյուրներ",0.4,0.4,NA
"2016-02-01","Այլ աղբյուրներ",0.6,0.19999999999999996,5.1000000000000005
"2016-03-01","Այլ աղբյուրներ",0.6966666666666667,0.09666666666666668,4.396666666666667
"2016-04-01","Այլ աղբյուրներ",0.8,0.10333333333333339,3.9000000000000004
"2016-05-01","Այլ աղբյուրներ",0.9,0.09999999999999998,3.5000000000000004
"2016-06-01","Այլ աղբյուրներ",0.9,0,2.9
"2016-07-01","Այլ աղբյուրներ",0.9,0,2.7000000000000006
"2016-08-01","Այլ աղբյուրներ",1,0.09999999999999998,2.6000000000000005
"2016-09-01","Այլ աղբյուրներ",1.1684782608695652,0.1684782608695652,2.6684782608695654
"2016-10-01","Այլ աղբյուրներ",1.3315217391304348,0.16304347826086962,2.7315217391304354
"2016-11-01","Այլ աղբյուրներ",1.5,0.1684782608695652,2.1
"2016-12-01","Այլ աղբյուրներ",0.9098360655737705,-0.5901639344262295,0.9098360655737705
"2017-01-01","Այլ աղբյուրներ",0.3000000000000001,0.3000000000000001,0.8098360655737706
"2017-02-01","Այլ աղբյուրներ",0.6,0.2999999999999999,0.9098360655737705
"2017-03-01","Այլ աղբյուրներ",NA,NA,NA
"2017-04-01","Այլ աղբյուրներ",NA,NA,NA
"2017-05-01","Այլ աղբյուրներ",NA,NA,NA
"2017-06-01","Այլ աղբյուրներ",NA,NA,NA
"2017-07-01","Այլ աղբյուրներ",NA,NA,NA
"2017-08-01","Այլ աղբյուրներ",NA,NA,NA
"2017-09-01","Այլ աղբյուրներ",NA,NA,NA
"2017-10-01","Այլ աղբյուրներ",NA,NA,NA
"2017-11-01","Այլ աղբյուրներ",NA,NA,NA
"2017-12-01","Այլ աղբյուրներ",NA,NA,NA
"2018-01-01","Այլ աղբյուրներ",NA,NA,NA
"2018-02-01","Այլ աղբյուրներ",NA,NA,NA
"2018-03-01","Այլ աղբյուրներ",NA,NA,NA
"2018-04-01","Այլ աղբյուրներ",NA,NA,NA
"2018-05-01","Այլ աղբյուրներ",NA,NA,NA
"2018-06-01","Այլ աղբյուրներ",NA,NA,NA
"2018-07-01","Այլ աղբյուրներ",NA,NA,NA
"2018-08-01","Այլ աղբյուրներ",NA,NA,NA
"2018-09-01","Այլ աղբյուրներ",NA,NA,NA
"2018-10-01","Այլ աղբյուրներ",NA,NA,NA
"2018-11-01","Այլ աղբյուրներ",NA,NA,NA
"2018-12-01","Այլ աղբյուրներ",NA,NA,NA
"2019-01-01","Այլ աղբյուրներ",NA,NA,NA
"2019-02-01","Այլ աղբյուրներ",NA,NA,NA
"2019-03-01","Այլ աղբյուրներ",NA,NA,NA
"2019-04-01","Այլ աղբյուրներ",NA,NA,NA
"2019-05-01","Այլ աղբյուրներ",NA,NA,NA
"2019-06-01","Այլ աղբյուրներ",NA,NA,NA
"2019-07-01","Այլ աղբյուրներ",NA,NA,NA
"2019-08-01","Այլ աղբյուրներ",NA,NA,NA
"2019-09-01","Այլ աղբյուրներ",NA,NA,NA
"2019-10-01","Այլ աղբյուրներ",NA,NA,NA
"2019-11-01","Այլ աղբյուրներ",NA,NA,NA
"2019-12-01","Այլ աղբյուրներ",NA,NA,NA
"2020-01-01","Այլ աղբյուրներ",NA,NA,NA
"2020-02-01","Այլ աղբյուրներ",NA,NA,NA
"2020-03-01","Այլ աղբյուրներ",NA,NA,NA
"2020-04-01","Այլ աղբյուրներ",NA,NA,NA
"2020-05-01","Այլ աղբյուրներ",NA,NA,NA
"2020-06-01","Այլ աղբյուրներ",NA,NA,NA
"2020-07-01","Այլ աղբյուրներ",NA,NA,NA
"2020-08-01","Այլ աղբյուրներ",NA,NA,NA
"2020-09-01","Այլ աղբյուրներ",NA,NA,NA
"2020-10-01","Այլ աղբյուրներ",NA,NA,NA
"2020-11-01","Այլ աղբյուրներ",NA,NA,NA
"2020-12-01","Այլ աղբյուրներ",NA,NA,NA
"2021-01-01","Այլ աղբյուրներ",NA,NA,NA
"2021-02-01","Այլ աղբյուրներ",NA,NA,NA
"2021-03-01","Այլ աղբյուրներ",NA,NA,NA
"2021-04-01","Այլ աղբյուրներ",NA,NA,NA
"2021-05-01","Այլ աղբյուրներ",NA,NA,NA
"2021-06-01","Այլ աղբյուրներ",NA,NA,NA
"2021-07-01","Այլ աղբյուրներ",NA,NA,NA
"2021-08-01","Այլ աղբյուրներ",NA,NA,NA
"2021-09-01","Այլ աղբյուրներ",NA,NA,NA
"2021-10-01","Այլ աղբյուրներ",NA,NA,NA
"2021-11-01","Այլ աղբյուրներ",NA,NA,NA
"2021-12-01","Այլ աղբյուրներ",NA,NA,NA
"2022-01-01","Այլ աղբյուրներ",NA,NA,NA
"2022-02-01","Այլ աղբյուրներ",NA,NA,NA
"2022-03-01","Այլ աղբյուրներ",NA,NA,NA
"2022-04-01","Այլ աղբյուրներ",NA,NA,NA
"2022-05-01","Այլ աղբյուրներ",NA,NA,NA
"2022-06-01","Այլ աղբյուրներ",NA,NA,NA
"2022-07-01","Այլ աղբյուրներ",NA,NA,NA
"2022-08-01","Այլ աղբյուրներ",NA,NA,NA
"2022-09-01","Այլ աղբյուրներ",NA,NA,NA
"2022-10-01","Այլ աղբյուրներ",NA,NA,NA
"2022-11-01","Այլ աղբյուրներ",NA,NA,NA
"2022-12-01","Այլ աղբյուրներ",NA,NA,NA
"2023-01-01","Այլ աղբյուրներ",NA,NA,NA
"2023-02-01","Այլ աղբյուրներ",NA,NA,NA
"2023-03-01","Այլ աղբյուրներ",NA,NA,NA
"2023-04-01","Այլ աղբյուրներ",NA,NA,NA
"2023-05-01","Այլ աղբյուրներ",NA,NA,NA
"2023-06-01","Այլ աղբյուրներ",NA,NA,NA
"2023-07-01","Այլ աղբյուրներ",NA,NA,NA
"2023-08-01","Այլ աղբյուրներ",NA,NA,NA
"2023-09-01","Այլ աղբյուրներ",NA,NA,NA
"2023-10-01","Այլ աղբյուրներ",NA,NA,NA
"2023-11-01","Այլ աղբյուրներ",NA,NA,NA
"2023-12-01","Այլ աղբյուրներ",NA,NA,NA
"2024-01-01","Այլ աղբյուրներ",NA,NA,NA
"2024-02-01","Այլ աղբյուրներ",NA,NA,NA
"2024-03-01","Այլ աղբյուրներ",NA,NA,NA
"2014-11-01","Էլեկտրաէներգիա, ընդամենը, մլն.կՎտ. ժամ",6969.9000000000005,NA,NA
"2014-12-01","Էլեկտրաէներգիա, ընդամենը, մլն.կՎտ. ժամ",7750,780.0999999999995,NA
"2015-01-01","Էլեկտրաէներգիա, ընդամենը, մլն.կՎտ. ժամ",649,649,NA
"2015-02-01","Էլեկտրաէներգիա, ընդամենը, մլն.կՎտ. ժամ",1228.6,579.5999999999999,NA
"2015-04-01","Էլեկտրաէներգիա, ընդամենը, մլն.կՎտ. ժամ",2479.2,1250.6,NA
"2015-05-01","Էլեկտրաէներգիա, ընդամենը, մլն.կՎտ. ժամ",3157,677.8000000000002,NA
"2015-06-01","Էլեկտրաէներգիա, ընդամենը, մլն.կՎտ. ժամ",3792.3,635.3000000000002,NA
"2015-07-01","Էլեկտրաէներգիա, ընդամենը, մլն.կՎտ. ժամ",4406.700000000001,614.4000000000005,NA
"2015-08-01","Էլեկտրաէներգիա, ընդամենը, մլն.կՎտ. ժամ",5106.3,699.5999999999995,NA
"2015-11-01","Էլեկտրաէներգիա, ընդամենը, մլն.կՎտ. ժամ",7064.6,1958.3000000000002,NA
"2015-12-01","Էլեկտրաէներգիա, ընդամենը, մլն.կՎտ. ժամ",7798.200000000001,733.6000000000004,NA
"2016-01-01","Էլեկտրաէներգիա, ընդամենը, մլն.կՎտ. ժամ",682.8,682.8,NA
"2016-02-01","Էլեկտրաէներգիա, ընդամենը, մլն.կՎտ. ժամ",1314.4,631.6000000000001,9892.699999999999
"2016-03-01","Էլեկտրաէներգիա, ընդամենը, մլն.կՎտ. ժամ",1923.5,609.0999999999999,9721.7
"2016-04-01","Էլեկտրաէներգիա, ընդամենը, մլն.կՎտ. ժամ",2566.6,643.0999999999999,9715.800000000001
"2016-05-01","Էլեկտրաէներգիա, ընդամենը, մլն.կՎտ. ժամ",3097.3,530.7000000000003,9666.900000000001
"2016-06-01","Էլեկտրաէներգիա, ընդամենը, մլն.կՎտ. ժամ",3606.2,508.89999999999964,8925.200000000003
"2016-07-01","Էլեկտրաէներգիա, ընդամենը, մլն.կՎտ. ժամ",4166.1,559.9000000000005,8807.300000000003
"2016-08-01","Էլեկտրաէներգիա, ընդամենը, մլն.կՎտ. ժամ",4804.8,638.6999999999998,8810.700000000003
"2016-09-01","Էլեկտրաէներգիա, ընդամենը, մլն.կՎտ. ժամ",5396.1,591.3000000000002,8787.600000000002
"2016-10-01","Էլեկտրաէներգիա, ընդամենը, մլն.կՎտ. ժամ",5991.4000000000005,595.3000000000002,8683.300000000003
"2016-11-01","Էլեկտրաէներգիա, ընդամենը, մլն.կՎտ. ժամ",6614.6,623.1999999999998,7348.200000000001
"2016-12-01","Էլեկտրաէներգիա, ընդամենը, մլն.կՎտ. ժամ",7315.200000000001,700.6000000000004,7315.200000000001
"2017-01-01","Էլեկտրաէներգիա, ընդամենը, մլն.կՎտ. ժամ",775.6,775.6,7408.000000000001
"2017-02-01","Էլեկտրաէներգիա, ընդամենը, մլն.կՎտ. ժամ",1450.9,675.3000000000001,7451.700000000001
"2017-03-01","Էլեկտրաէներգիա, ընդամենը, մլն.կՎտ. ժամ",2101.8,650.9000000000001,7493.500000000002
"2017-04-01","Էլեկտրաէներգիա, ընդամենը, մլն.կՎտ. ժամ",2678.8,577,7427.4000000000015
"2017-05-01","Էլեկտրաէներգիա, ընդամենը, մլն.կՎտ. ժամ",3239.3,560.5,7457.200000000001
"2017-06-01","Էլեկտրաէներգիա, ընդամենը, մլն.կՎտ. ժամ",3794.1,554.7999999999997,7503.1
"2017-07-01","Էլեկտրաէներգիա, ընդամենը, մլն.կՎտ. ժամ",4490.5,696.4000000000001,7639.5999999999985
"2017-08-01","Էլեկտրաէներգիա, ընդամենը, մլն.կՎտ. ժամ",5123.1,632.6000000000004,7633.5
"2017-09-01","Էլեկտրաէներգիա, ընդամենը, մլն.կՎտ. ժամ",5745.200000000001,622.1000000000004,7664.300000000001
"2017-10-01","Էլեկտրաէներգիա, ընդամենը, մլն.կՎտ. ժամ",6313,567.7999999999993,7636.799999999999
"2017-11-01","Էլեկտրաէներգիա, ընդամենը, մլն.կՎտ. ժամ",6937.4000000000005,624.4000000000005,7638.000000000001
"2017-12-01","Էլեկտրաէներգիա, ընդամենը, մլն.կՎտ. ժամ",7762.9000000000005,825.5,7762.9000000000005
"2018-01-01","Էլեկտրաէներգիա, ընդամենը, մլն.կՎտ. ժամ",830.1,830.1,7817.4000000000005
"2018-02-01","Էլեկտրաէներգիա, ընդամենը, մլն.կՎտ. ժամ",1502.2,672.1,7814.200000000002
"2018-03-01","Էլեկտրաէներգիա, ընդամենը, մլն.կՎտ. ժամ",2109.7,607.4999999999998,7770.800000000001
"2018-04-01","Էլեկտրաէներգիա, ընդամենը, մլն.կՎտ. ժամ",2667.3,557.6000000000004,7751.4000000000015
"2018-05-01","Էլեկտրաէներգիա, ընդամենը, մլն.կՎտ. ժամ",3237.7,570.3999999999996,7761.300000000001
"2018-06-01","Էլեկտրաէներգիա, ընդամենը, մլն.կՎտ. ժամ",3852.8,615.1000000000004,7821.600000000001
"2018-07-01","Էլեկտրաէներգիա, ընդամենը, մլն.կՎտ. ժամ",4527.3,674.5,7799.700000000002
"2018-08-01","Էլեկտրաէներգիա, ընդամենը, մլն.կՎտ. ժամ",5188,660.6999999999998,7827.8
"2018-09-01","Էլեկտրաէներգիա, ընդամենը, մլն.կՎտ. ժամ",5776,588,7793.7
"2018-10-01","Էլեկտրաէներգիա, ընդամենը, մլն.կՎտ. ժամ",6429,653,7878.9000000000005
"2018-11-01","Էլեկտրաէներգիա, ընդամենը, մլն.կՎտ. ժամ",7105.4000000000005,676.4000000000005,7930.9000000000005
"2018-12-01","Էլեկտրաէներգիա, ընդամենը, մլն.կՎտ. ժամ",7776.9000000000005,671.5,7776.9000000000005
"2019-01-01","Էլեկտրաէներգիա, ընդամենը, մլն.կՎտ. ժամ",612.1,612.1,7558.9000000000005
"2019-02-01","Էլեկտրաէներգիա, ընդամենը, մլն.կՎտ. ժամ",1186.7,574.6,7461.4000000000015
"2019-03-01","Էլեկտրաէներգիա, ընդամենը, մլն.կՎտ. ժամ",1814.9,628.2,7482.100000000001
"2019-04-01","Էլեկտրաէներգիա, ընդամենը, մլն.կՎտ. ժամ",2422.2,607.2999999999997,7531.800000000001
"2019-05-01","Էլեկտրաէներգիա, ընդամենը, մլն.կՎտ. ժամ",2998.4,576.2000000000003,7537.600000000002
"2019-06-01","Էլեկտրաէներգիա, ընդամենը, մլն.կՎտ. ժամ",3642.8,644.4000000000001,7566.9000000000015
"2019-07-01","Էլեկտրաէներգիա, ընդամենը, մլն.կՎտ. ժամ",4302.4000000000005,659.6000000000004,7552
"2019-08-01","Էլեկտրաէներգիա, ընդամենը, մլն.կՎտ. ժամ",5007.700000000001,705.3000000000002,7596.600000000001
"2019-09-01","Էլեկտրաէներգիա, ընդամենը, մլն.կՎտ. ժամ",5650.6,642.8999999999996,7651.500000000001
"2019-10-01","Էլեկտրաէներգիա, ընդամենը, մլն.կՎտ. ժամ",6253.6,603,7601.500000000001
"2019-11-01","Էլեկտրաէներգիա, ընդամենը, մլն.կՎտ. ժամ",6867.1,613.5,7538.5999999999995
"2019-12-01","Էլեկտրաէներգիա, ընդամենը, մլն.կՎտ. ժամ",7632.3,765.1999999999998,7632.3
"2020-01-01","Էլեկտրաէներգիա, ընդամենը, մլն.կՎտ. ժամ",726.3,726.3,7746.5
"2020-02-01","Էլեկտրաէներգիա, ընդամենը, մլն.կՎտ. ժամ",1461.3,735,7906.9000000000005
"2020-03-01","Էլեկտրաէներգիա, ընդամենը, մլն.կՎտ. ժամ",2083.3,622.0000000000002,7900.700000000001
"2020-04-01","Էլեկտրաէներգիա, ընդամենը, մլն.կՎտ. ժամ",2670.7,587.3999999999996,7880.8
"2020-05-01","Էլեկտրաէներգիա, ընդամենը, մլն.կՎտ. ժամ",3246.1,575.4000000000001,7880
"2020-06-01","Էլեկտրաէներգիա, ընդամենը, մլն.կՎտ. ժամ",3802.1,556,7791.6
"2020-07-01","Էլեկտրաէներգիա, ընդամենը, մլն.կՎտ. ժամ",4448.4000000000005,646.3000000000006,7778.300000000001
"2020-08-01","Էլեկտրաէներգիա, ընդամենը, մլն.կՎտ. ժամ",5104.8,656.3999999999996,7729.4
"2020-09-01","Էլեկտրաէներգիա, ընդամենը, մլն.կՎտ. ժամ",5737,632.1999999999998,7718.7
"2020-10-01","Էլեկտրաէներգիա, ընդամենը, մլն.կՎտ. ժամ",6357.9000000000005,620.9000000000005,7736.6
"2020-11-01","Էլեկտրաէներգիա, ընդամենը, մլն.կՎտ. ժամ",6990.5,632.5999999999995,7755.7
"2020-12-01","Էլեկտրաէներգիա, ընդամենը, մլն.կՎտ. ժամ",7723.4000000000005,732.9000000000005,7723.4000000000005
"2021-01-01","Էլեկտրաէներգիա, ընդամենը, մլն.կՎտ. ժամ",742.4,742.4,7739.5
"2021-02-01","Էլեկտրաէներգիա, ընդամենը, մլն.կՎտ. ժամ",1376.8,634.4,7638.9000000000005
"2021-03-01","Էլեկտրաէներգիա, ընդամենը, մլն.կՎտ. ժամ",2112.9,736.1000000000001,7753
"2021-04-01","Էլեկտրաէներգիա, ընդամենը, մլն.կՎտ. ժամ",2753,640.0999999999999,7805.700000000001
"2021-05-01","Էլեկտրաէներգիա, ընդամենը, մլն.կՎտ. ժամ",3310.3,557.3000000000002,7787.600000000001
"2021-06-01","Էլեկտրաէներգիա, ընդամենը, մլն.կՎտ. ժամ",3822,511.6999999999998,7743.300000000001
"2021-07-01","Էլեկտրաէներգիա, ընդամենը, մլն.կՎտ. ժամ",4454.1,632.1000000000004,7729.1
"2021-08-01","Էլեկտրաէներգիա, ընդամենը, մլն.կՎտ. ժամ",5030.5,576.3999999999996,7649.1
"2021-09-01","Էլեկտրաէներգիա, ընդամենը, մլն.կՎտ. ժամ",5580.9000000000005,550.4000000000005,7567.300000000002
"2021-10-01","Էլեկտրաէներգիա, ընդամենը, մլն.կՎտ. ժամ",6163.200000000001,582.3000000000002,7528.700000000001
"2021-11-01","Էլեկտրաէներգիա, ընդամենը, մլն.կՎտ. ժամ",6848.4000000000005,685.1999999999998,7581.300000000002
"2021-12-01","Էլեկտրաէներգիա, ընդամենը, մլն.կՎտ. ժամ",7674.9000000000005,826.5,7674.9000000000005
"2022-01-01","Էլեկտրաէներգիա, ընդամենը, մլն.կՎտ. ժամ",885.2,885.2,7817.700000000001
"2022-02-01","Էլեկտրաէներգիա, ընդամենը, մլն.կՎտ. ժամ",1678.9,793.7,7977
"2022-03-01","Էլեկտրաէներգիա, ընդամենը, մլն.կՎտ. ժամ",2465.3,786.4000000000001,8027.299999999999
"2022-04-01","Էլեկտրաէներգիա, ընդամենը, մլն.կՎտ. ժամ",3142.4,677.0999999999999,8064.300000000001
"2022-05-01","Էլեկտրաէներգիա, ընդամենը, մլն.կՎտ. ժամ",3745.4,603,8110
"2022-06-01","Էլեկտրաէներգիա, ընդամենը, մլն.կՎտ. ժամ",4387.3,641.9000000000001,8240.2
"2022-07-01","Էլեկտրաէներգիա, ընդամենը, մլն.կՎտ. ժամ",5117.700000000001,730.4000000000005,8338.5
"2022-08-01","Էլեկտրաէներգիա, ընդամենը, մլն.կՎտ. ժամ",5867.6,749.8999999999996,8512
"2022-09-01","Էլեկտրաէներգիա, ընդամենը, մլն.կՎտ. ժամ",6524.200000000001,656.6000000000004,8618.2
"2022-10-01","Էլեկտրաէներգիա, ընդամենը, մլն.կՎտ. ժամ",7198,673.7999999999993,8709.7
"2022-11-01","Էլեկտրաէներգիա, ընդամենը, մլն.կՎտ. ժամ",8002,804,8828.5
"2022-12-01","Էլեկտրաէներգիա, ընդամենը, մլն.կՎտ. ժամ",8907.899999999996,905.899999999996,8907.899999999996
"2023-01-01","Էլեկտրաէներգիա, ընդամենը, մլն.կՎտ. ժամ",871.7,871.7,8894.399999999996
"2023-02-01","Էլեկտրաէներգիա, ընդամենը, մլն.կՎտ. ժամ",1675.7,804,8904.699999999997
"2023-03-01","Էլեկտրաէներգիա, ընդամենը, մլն.կՎտ. ժամ",2416.5,740.8,8859.099999999995
"2023-04-01","Էլեկտրաէներգիա, ընդամենը, մլն.կՎտ. ժամ",3039.4,622.9000000000001,8804.899999999996
"2023-05-01","Էլեկտրաէներգիա, ընդամենը, մլն.կՎտ. ժամ",3630.3,590.9000000000001,8792.799999999996
"2023-06-01","Էլեկտրաէներգիա, ընդամենը, մլն.կՎտ. ժամ",4270.1,639.8000000000002,8790.699999999997
"2023-07-01","Էլեկտրաէներգիա, ընդամենը, մլն.կՎտ. ժամ",5158.8,888.6999999999998,8948.999999999995
"2023-08-01","Էլեկտրաէներգիա, ընդամենը, մլն.կՎտ. ժամ",5978.4,819.5999999999995,9018.699999999993
"2023-09-01","Էլեկտրաէներգիա, ընդամենը, մլն.կՎտ. ժամ",6649.5,671.1000000000004,9033.199999999995
"2023-10-01","Էլեկտրաէներգիա, ընդամենը, մլն.կՎտ. ժամ",7287.2,637.6999999999998,8997.099999999995
"2023-11-01","Էլեկտրաէներգիա, ընդամենը, մլն.կՎտ. ժամ",8078.919672131147,791.7196721311475,8984.819672131143
"2023-12-01","Էլեկտրաէներգիա, ընդամենը, մլն.կՎտ. ժամ",8845.1,766.180327868853,8845.1
"2024-01-01","Էլեկտրաէներգիա, ընդամենը, մլն.կՎտ. ժամ",836.6,836.6,8810
"2024-02-01","Էլեկտրաէներգիա, ընդամենը, մլն.կՎտ. ժամ",1648.9,812.3000000000001,8818.300000000001
"2024-03-01","Էլեկտրաէներգիա, ընդամենը, մլն.կՎտ. ժամ",2475.1,826.1999999999998,8903.7
"2014-11-01","ՀԱԷԿ",2181.1,NA,NA
"2014-12-01","ՀԱԷԿ",2464.8,283.7000000000003,NA
"2015-01-01","ՀԱԷԿ",281.3,281.3,NA
"2015-02-01","ՀԱԷԿ",531.4,250.09999999999997,NA
"2015-04-01","ՀԱԷԿ",1054.1,522.6999999999999,NA
"2015-05-01","ՀԱԷԿ",1266.6,212.5,NA
"2015-06-01","ՀԱԷԿ",1520.7,254.10000000000014,NA
"2015-07-01","ՀԱԷԿ",1767.6,246.89999999999986,NA
"2015-08-01","ՀԱԷԿ",2026.6,259,NA
"2015-11-01","ՀԱԷԿ",2503.6,477,NA
"2015-12-01","ՀԱԷԿ",2787.7,284.0999999999999,NA
"2016-01-01","ՀԱԷԿ",282.3,282.3,NA
"2016-02-01","ՀԱԷԿ",541.3,258.99999999999994,3612.7000000000003
"2016-03-01","ՀԱԷԿ",811.3,270,3599
"2016-04-01","ՀԱԷԿ",1064.5,253.20000000000005,3570.9000000000005
"2016-05-01","ՀԱԷԿ",1266.1,201.5999999999999,3522.4
"2016-06-01","ՀԱԷԿ",1526.6,260.5,3260.1999999999994
"2016-07-01","ՀԱԷԿ",1791.8,265.20000000000005,3312.8999999999996
"2016-08-01","ՀԱԷԿ",2052.5,260.70000000000005,3319.5
"2016-09-01","ՀԱԷԿ",2206.2,153.69999999999982,3226.2999999999993
"2016-10-01","ՀԱԷԿ",2206.2,0,2967.2999999999993
"2016-11-01","ՀԱԷԿ",2206,-0.1999999999998181,2490.0999999999995
"2016-12-01","ՀԱԷԿ",2380.5,174.5,2380.5
"2017-01-01","ՀԱԷԿ",281.5,281.5,2379.7
"2017-02-01","ՀԱԷԿ",541.7,260.20000000000005,2380.8999999999996
"2017-03-01","ՀԱԷԿ",811.5,269.79999999999995,2380.7
"2017-04-01","ՀԱԷԿ",1062.9,251.4000000000001,2378.9
"2017-05-01","ՀԱԷԿ",1139.3,76.39999999999986,2253.7
"2017-06-01","ՀԱԷԿ",1139.3,0,1993.2
"2017-07-01","ՀԱԷԿ",1347.9,208.60000000000014,1936.6000000000001
"2017-08-01","ՀԱԷԿ",1610.4,262.5,1938.4
"2017-09-01","ՀԱԷԿ",1868.9,258.5,2043.2000000000003
"2017-10-01","ՀԱԷԿ",2145.1,276.1999999999998,2319.4
"2017-11-01","ՀԱԷԿ",2347.9,202.80000000000018,2522.4
"2017-12-01","ՀԱԷԿ",2619.6,271.6999999999998,2619.6
"2018-01-01","ՀԱԷԿ",280.7,280.7,2618.7999999999997
"2018-02-01","ՀԱԷԿ",265,-15.699999999999989,2342.8999999999996
"2018-03-01","ՀԱԷԿ",780.3,515.3,2588.3999999999996
"2018-04-01","ՀԱԷԿ",984.3,204,2541
"2018-05-01","ՀԱԷԿ",1140.1,155.79999999999995,2620.3999999999996
"2018-06-01","ՀԱԷԿ",1141.1,1,2621.3999999999996
"2018-07-01","ՀԱԷԿ",1143.8,2.7000000000000455,2415.5
"2018-08-01","ՀԱԷԿ",1282.6,138.79999999999995,2291.8
"2018-09-01","ՀԱԷԿ",1433.4,150.80000000000018,2184.1
"2018-10-01","ՀԱԷԿ",1591.1,157.69999999999982,2065.6
"2018-11-01","ՀԱԷԿ",1787.1,196,2058.7999999999997
"2018-12-01","ՀԱԷԿ",2076.1,289,2076.1
"2019-01-01","ՀԱԷԿ",291.8999999999999,291.8999999999999,2087.2999999999997
"2019-02-01","ՀԱԷԿ",553.7,261.8000000000001,2364.8
"2019-03-01","ՀԱԷԿ",835.6,281.9,2131.4
"2019-04-01","ՀԱԷԿ",1047.8,212.19999999999993,2139.6
"2019-05-01","ՀԱԷԿ",1203.5,155.70000000000005,2139.5
"2019-06-01","ՀԱԷԿ",1203.5,0,2138.5
"2019-07-01","ՀԱԷԿ",1203.5,0,2135.8
"2019-08-01","ՀԱԷԿ",1203.5,0,1996.9999999999998
"2019-09-01","ՀԱԷԿ",1319.6,116.09999999999991,1962.2999999999995
"2019-10-01","ՀԱԷԿ",1609.4,289.8000000000002,2094.3999999999996
"2019-11-01","ՀԱԷԿ",1899.8,290.39999999999986,2188.7999999999997
"2019-12-01","ՀԱԷԿ",2197.8,298.0000000000002,2197.8
"2020-01-01","ՀԱԷԿ",300.3,300.3,2206.2000000000003
"2020-02-01","ՀԱԷԿ",533.2,232.90000000000003,2177.3
"2020-03-01","ՀԱԷԿ",814.1,280.9,2176.3
"2020-04-01","ՀԱԷԿ",1053.5,239.39999999999998,2203.5000000000005
"2020-05-01","ՀԱԷԿ",1315.4,261.9000000000001,2309.7000000000003
"2020-06-01","ՀԱԷԿ",1572.5,257.0999999999999,2566.8
"2020-07-01","ՀԱԷԿ",1579,6.5,2573.3
"2020-08-01","ՀԱԷԿ",1650.7,71.70000000000005,2645
"2020-09-01","ՀԱԷԿ",1890.4,239.70000000000005,2768.6000000000004
"2020-10-01","ՀԱԷԿ",2168.9,278.5,2757.3
"2020-11-01","ՀԱԷԿ",2453.8,284.9000000000001,2751.8000000000006
"2020-12-01","ՀԱԷԿ",2756.3,302.5,2756.3
"2021-01-01","ՀԱԷԿ",302,302,2758
"2021-02-01","ՀԱԷԿ",566.7,264.70000000000005,2789.8
"2021-03-01","ՀԱԷԿ",843.9,277.19999999999993,2786.1000000000004
"2021-04-01","ՀԱԷԿ",1109.2,265.30000000000007,2812
"2021-05-01","ՀԱԷԿ",1237.6,128.39999999999986,2678.5
"2021-06-01","ՀԱԷԿ",1237.6,0,2421.4000000000005
"2021-07-01","ՀԱԷԿ",1237.6,0,2414.9000000000005
"2021-08-01","ՀԱԷԿ",1237.6,0,2343.2
"2021-09-01","ՀԱԷԿ",1237.6,0,2103.5
"2021-10-01","ՀԱԷԿ",1375.8,138.20000000000005,1963.2000000000003
"2021-11-01","ՀԱԷԿ",1679.6,303.79999999999995,1982.1000000000001
"2021-12-01","ՀԱԷԿ",1998.4,318.8000000000002,1998.4
"2022-01-01","ՀԱԷԿ",322.8,322.8,2019.2
"2022-02-01","ՀԱԷԿ",608.1,285.3,2039.8
"2022-03-01","ՀԱԷԿ",924.5,316.4,2079
"2022-04-01","ՀԱԷԿ",1073.9,149.4000000000001,1963.1
"2022-05-01","ՀԱԷԿ",1073.9,0,1834.7000000000003
"2022-06-01","ՀԱԷԿ",1139.9,66,1900.7000000000003
"2022-07-01","ՀԱԷԿ",1416.8,276.89999999999986,2177.6000000000004
"2022-08-01","ՀԱԷԿ",1690.6,273.79999999999995,2451.4000000000005
"2022-09-01","ՀԱԷԿ",1959.3,268.70000000000005,2720.1000000000004
"2022-10-01","ՀԱԷԿ",2246.8,287.5000000000002,2869.3999999999996
"2022-11-01","ՀԱԷԿ",2519.9,273.0999999999999,2838.7000000000003
"2022-12-01","ՀԱԷԿ",2846.2,326.2999999999997,2846.2
"2023-01-01","ՀԱԷԿ",328.7,328.7,2852.1
"2023-02-01","ՀԱԷԿ",622.2,293.50000000000006,2860.2999999999997
"2023-03-01","ՀԱԷԿ",939.2,317,2860.8999999999996
"2023-04-01","ՀԱԷԿ",1245.4,306.20000000000005,3017.7
"2023-05-01","ՀԱԷԿ",1286.8,41.399999999999864,3059.0999999999995
"2023-06-01","ՀԱԷԿ",1286.8,0,2993.0999999999995
"2023-07-01","ՀԱԷԿ",1317.5,30.700000000000045,2746.8999999999996
"2023-08-01","ՀԱԷԿ",1508.8,191.29999999999995,2664.3999999999996
"2023-09-01","ՀԱԷԿ",1793.6,284.79999999999995,2680.5
"2023-10-01","ՀԱԷԿ",2106.6,313,2706
"2023-11-01","ՀԱԷԿ",2387.4,280.8000000000002,2713.7
"2023-12-01","ՀԱԷԿ",2709.2,321.7999999999997,2709.2
"2024-01-01","ՀԱԷԿ",323.5,323.5,2703.9999999999995
"2024-02-01","ՀԱԷԿ",625.7,302.20000000000005,2712.7
"2024-03-01","ՀԱԷԿ",947.1,321.4,2717.1
"2014-11-01","ՀԷԿ",1845.4,NA,NA
"2014-12-01","ՀԷԿ",1992.6,147.19999999999982,NA
"2015-01-01","ՀԷԿ",125.1,125.1,NA
"2015-02-01","ՀԷԿ",240.9,115.80000000000001,NA
"2015-04-01","ՀԷԿ",636.4,395.5,NA
"2015-05-01","ՀԷԿ",947.8,311.4,NA
"2015-06-01","ՀԷԿ",1190.5,242.70000000000005,NA
"2015-07-01","ՀԷԿ",1400.7,210.20000000000005,NA
"2015-08-01","ՀԷԿ",1593.4,192.70000000000005,NA
"2015-11-01","ՀԷԿ",2053,459.5999999999999,NA
"2015-12-01","ՀԷԿ",2205.6,152.5999999999999,NA
"2016-01-01","ՀԷԿ",154.8,154.8,NA
"2016-02-01","ՀԷԿ",306.1,151.3,2658.9
"2016-03-01","ՀԷԿ",486.3999999999999,180.2999999999999,2692
"2016-04-01","ՀԷԿ",736.2,249.80000000000013,2816.7000000000003
"2016-05-01","ՀԷԿ",991.5,255.29999999999995,2956.2
"2016-06-01","ՀԷԿ",1237.5,246,2806.7
"2016-07-01","ՀԷԿ",1483.1,245.5999999999999,2740.9
"2016-08-01","ՀԷԿ",1692.5,209.4000000000001,2707.6
"2016-09-01","ՀԷԿ",1856.3,163.79999999999995,2661.2
"2016-10-01","ՀԷԿ",2005.1,148.79999999999995,2617.3
"2016-11-01","ՀԷԿ",2175.6,170.5,2328.2
"2016-12-01","ՀԷԿ",2351.4,175.80000000000018,2351.4
"2017-01-01","ՀԷԿ",140.7,140.7,2337.3
"2017-02-01","ՀԷԿ",251.1,110.4,2296.4
"2017-03-01","ՀԷԿ",424.5,173.4,2289.5000000000005
"2017-04-01","ՀԷԿ",654.3,229.79999999999995,2269.5
"2017-05-01","ՀԷԿ",933,278.70000000000005,2292.9000000000005
"2017-06-01","ՀԷԿ",1215.3,282.29999999999995,2329.2000000000003
"2017-07-01","ՀԷԿ",1455.9,240.60000000000014,2324.2000000000007
"2017-08-01","ՀԷԿ",1678.3,222.39999999999986,2337.2
"2017-09-01","ՀԷԿ",1823.3,145,2318.4
"2017-10-01","ՀԷԿ",1960,136.70000000000005,2306.3
"2017-11-01","ՀԷԿ",2099.7,139.69999999999982,2275.5
"2017-12-01","ՀԷԿ",2269,169.30000000000018,2269
"2018-01-01","ՀԷԿ",127.5,127.5,2255.8
"2018-02-01","ՀԷԿ",531.8,404.29999999999995,2549.7
"2018-03-01","ՀԷԿ",461.3,-70.49999999999994,2305.8
"2018-04-01","ՀԷԿ",697.6,236.3,2312.3
"2018-05-01","ՀԷԿ",963.6,266,2299.6
"2018-06-01","ՀԷԿ",1239.2,275.6,2292.9
"2018-07-01","ՀԷԿ",1505.8,266.5999999999999,2318.8999999999996
"2018-08-01","ՀԷԿ",1685.7,179.9000000000001,2276.4
"2018-09-01","ՀԷԿ",1828,142.29999999999995,2273.7
"2018-10-01","ՀԷԿ",1965.5,137.5,2274.5
"2018-11-01","ՀԷԿ",2132.5,167,2301.8
"2018-12-01","ՀԷԿ",2318.2,185.69999999999982,2318.2
"2019-01-01","ՀԷԿ",154.6,154.6,2345.2999999999997
"2019-02-01","ՀԷԿ",287.5,132.9,2073.8999999999996
"2019-03-01","ՀԷԿ",430.6,143.10000000000002,2287.4999999999995
"2019-04-01","ՀԷԿ",693,262.4,2313.6
"2019-05-01","ՀԷԿ",1069.3,376.29999999999995,2423.8999999999996
"2019-06-01","ՀԷԿ",1341.9,272.60000000000014,2420.9000000000005
"2019-07-01","ՀԷԿ",1581.2,239.29999999999995,2393.6000000000004
"2019-08-01","ՀԷԿ",1798.7,217.5,2431.2
"2019-09-01","ՀԷԿ",1957.1,158.39999999999986,2447.2999999999993
"2019-10-01","ՀԷԿ",2097.9,140.80000000000018,2450.5999999999995
"2019-11-01","ՀԷԿ",2227.9,130,2413.6
"2019-12-01","ՀԷԿ",2370.9,143,2370.9
"2020-01-01","ՀԷԿ",122.6,122.6,2338.9
"2020-02-01","ՀԷԿ",224.4,101.80000000000001,2307.8
"2020-03-01","ՀԷԿ",347.8,123.4,2288.1000000000004
"2020-04-01","ՀԷԿ",548.4,200.59999999999997,2226.3
"2020-05-01","ՀԷԿ",850.4,302,2152
"2020-06-01","ՀԷԿ",1043.6,193.19999999999993,2072.6
"2020-07-01","ՀԷԿ",1211.7,168.10000000000014,2001.4000000000003
"2020-08-01","ՀԷԿ",1360.1,148.39999999999986,1932.3000000000002
"2020-09-01","ՀԷԿ",1479.3,119.20000000000005,1893.1000000000001
"2020-10-01","ՀԷԿ",1564.5,85.20000000000005,1837.5
"2020-11-01","ՀԷԿ",1661.5,97,1804.5
"2020-12-01","ՀԷԿ",1778.4,116.90000000000009,1778.4
"2021-01-01","ՀԷԿ",109.8,109.8,1765.6
"2021-02-01","ՀԷԿ",227.9,118.10000000000001,1781.8999999999999
"2021-03-01","ՀԷԿ",410.3999999999999,182.49999999999991,1841
"2021-04-01","ՀԷԿ",678.8,268.40000000000003,1908.8
"2021-05-01","ՀԷԿ",976.6,297.80000000000007,1904.6000000000004
"2021-06-01","ՀԷԿ",1253.7,277.1,1988.5
"2021-07-01","ՀԷԿ",1482.6,228.89999999999986,2049.3
"2021-08-01","ՀԷԿ",1681.5,198.9000000000001,2099.8
"2021-09-01","ՀԷԿ",1836.1,154.5999999999999,2135.2
"2021-10-01","ՀԷԿ",1959.3,123.20000000000005,2173.2
"2021-11-01","ՀԷԿ",2085.4,126.10000000000014,2202.3
"2021-12-01","ՀԷԿ",2201.7,116.29999999999973,2201.7
"2022-01-01","ՀԷԿ",118,118,2209.8999999999996
"2022-02-01","ՀԷԿ",217.8,99.80000000000001,2191.6000000000004
"2022-03-01","ՀԷԿ",318.2,100.39999999999998,2109.4999999999995
"2022-04-01","ՀԷԿ",549.5,231.3,2072.4
"2022-05-01","ՀԷԿ",859.8,310.29999999999995,2084.8999999999996
"2022-06-01","ՀԷԿ",1123.7,263.9000000000001,2071.7
"2022-07-01","ՀԷԿ",1323.9,200.20000000000005,2042.9999999999998
"2022-08-01","ՀԷԿ",1497.9,174,2018.1
"2022-09-01","ՀԷԿ",1602.6,104.69999999999982,1968.1999999999998
"2022-10-01","ՀԷԿ",1709.3,106.70000000000005,1951.6999999999998
"2022-11-01","ՀԷԿ",1823.2,113.90000000000009,1939.4999999999998
"2022-12-01","ՀԷԿ",1939.9,116.70000000000005,1939.9
"2023-01-01","ՀԷԿ",88.6,88.6,1910.5
"2023-02-01","ՀԷԿ",170.5,81.9,1892.6000000000001
"2023-03-01","ՀԷԿ",289.2,118.69999999999999,1910.9
"2023-04-01","ՀԷԿ",449.7,160.5,1840.1000000000001
"2023-05-01","ՀԷԿ",677.1,227.40000000000003,1757.2000000000003
"2023-06-01","ՀԷԿ",915.8,238.69999999999993,1732
"2023-07-01","ՀԷԿ",1102,186.20000000000005,1718.0000000000002
"2023-08-01","ՀԷԿ",1259.9,157.9000000000001,1701.9000000000003
"2023-09-01","ՀԷԿ",1368.8,108.89999999999986,1706.1000000000004
"2023-10-01","ՀԷԿ",1457.6,88.79999999999995,1688.2
"2023-11-01","ՀԷԿ",1545.2,87.60000000000014,1661.9
"2023-12-01","ՀԷԿ",1645.8,100.59999999999991,1645.8
"2024-01-01","ՀԷԿ",97.6,97.6,1654.8
"2024-02-01","ՀԷԿ",192,94.4,1667.3
"2024-03-01","ՀԷԿ",309.3999999999999,117.39999999999992,1665.9999999999998
"2014-11-01","ՋԷԿ",2940.2,NA,NA
"2014-12-01","ՋԷԿ",3288.6,348.4000000000001,NA
"2015-01-01","ՋԷԿ",242,242,NA
"2015-02-01","ՋԷԿ",455.2,213.2,NA
"2015-04-01","ՋԷԿ",787,331.8,NA
"2015-05-01","ՋԷԿ",940.7,153.70000000000005,NA
"2015-06-01","ՋԷԿ",1079,138.29999999999995,NA
"2015-07-01","ՋԷԿ",1236.2,157.20000000000005,NA
"2015-08-01","ՋԷԿ",1484,247.79999999999995,NA
"2015-11-01","ՋԷԿ",2504.9,1020.9000000000001,NA
"2015-12-01","ՋԷԿ",2801.2,296.2999999999997,NA
"2016-01-01","ՋԷԿ",245.3,245.3,NA
"2016-02-01","ՋԷԿ",466.3999999999999,221.0999999999999,3616
"2016-03-01","ՋԷԿ",625,158.60000000000008,3426.2
"2016-04-01","ՋԷԿ",765.1,140.10000000000002,3324.2999999999997
"2016-05-01","ՋԷԿ",838.8,73.69999999999993,3184.7999999999993
"2016-06-01","ՋԷԿ",841.2,2.400000000000091,2855.3999999999996
"2016-07-01","ՋԷԿ",890.3,49.09999999999991,2750.7999999999993
"2016-08-01","ՋԷԿ",1058.8,168.5,2780.999999999999
"2016-09-01","ՋԷԿ",1332.5,273.70000000000005,2897.499999999999
"2016-10-01","ՋԷԿ",1778.9,446.4000000000001,3096.1
"2016-11-01","ՋԷԿ",2231.3,452.4000000000001,2527.6
"2016-12-01","ՋԷԿ",2581.5,350.1999999999998,2581.5
"2017-01-01","ՋԷԿ",353.1,353.1,2689.2999999999997
"2017-02-01","ՋԷԿ",657.5,304.4,2772.6000000000004
"2017-03-01","ՋԷԿ",865,207.5,2821.5
"2017-04-01","ՋԷԿ",960.6,95.60000000000002,2777
"2017-05-01","ՋԷԿ",1165.9,205.30000000000007,2908.6000000000004
"2017-06-01","ՋԷԿ",1438.3,272.39999999999986,3178.6000000000004
"2017-07-01","ՋԷԿ",1685.5,247.20000000000005,3376.7
"2017-08-01","ՋԷԿ",1833.1,147.5999999999999,3355.7999999999997
"2017-09-01","ՋԷԿ",2051.7,218.5999999999999,3300.7
"2017-10-01","ՋԷԿ",2206.4,154.70000000000027,3008.9999999999995
"2017-11-01","ՋԷԿ",2488,281.5999999999999,2838.2
"2017-12-01","ՋԷԿ",2871.8,383.8000000000002,2871.8
"2018-01-01","ՋԷԿ",421.3999999999999,421.3999999999999,2940.1
"2018-02-01","ՋԷԿ",704.4,283.00000000000006,2918.7000000000003
"2018-03-01","ՋԷԿ",866.6,162.20000000000005,2873.4000000000005
"2018-04-01","ՋԷԿ",983.4,116.79999999999995,2894.6000000000004
"2018-05-01","ՋԷԿ",1131.6,148.19999999999993,2837.5
"2018-06-01","ՋԷԿ",1469.5,337.9000000000001,2903.0000000000005
"2018-07-01","ՋԷԿ",1874.2,404.70000000000005,3060.5
"2018-08-01","ՋԷԿ",2215.6,341.39999999999986,3254.3
"2018-09-01","ՋԷԿ",2509.7,294.0999999999999,3329.7999999999997
"2018-10-01","ՋԷԿ",2866.8,357.10000000000036,3532.2000000000003
"2018-11-01","ՋԷԿ",3179.6,312.7999999999997,3563.3999999999996
"2018-12-01","ՋԷԿ",3375.6,196,3375.6
"2019-01-01","ՋԷԿ",164.4,164.4,3118.6
"2019-02-01","ՋԷԿ",343.2,178.79999999999998,3014.4000000000005
"2019-03-01","ՋԷԿ",545.2,202.00000000000006,3054.2000000000003
"2019-04-01","ՋԷԿ",676.6,131.39999999999998,3068.8
"2019-05-01","ՋԷԿ",719.2,42.60000000000002,2963.2000000000003
"2019-06-01","ՋԷԿ",1089.5,370.29999999999995,2995.6000000000004
"2019-07-01","ՋԷԿ",1508.2,418.70000000000005,3009.5999999999995
"2019-08-01","ՋԷԿ",1994.2,486,3154.2
"2019-09-01","ՋԷԿ",2361.2,366.9999999999998,3227.0999999999995
"2019-10-01","ՋԷԿ",2532.3,171.10000000000036,3041.0999999999995
"2019-11-01","ՋԷԿ",2724.1,191.79999999999973,2920.1
"2019-12-01","ՋԷԿ",3046.9,322.8000000000002,3046.9
"2020-01-01","ՋԷԿ",301.8,301.8,3184.3000000000006
"2020-02-01","ՋԷԿ",700.9,399.09999999999997,3404.6000000000004
"2020-03-01","ՋԷԿ",917,216.10000000000002,3418.7
"2020-04-01","ՋԷԿ",1062.7,145.70000000000005,3433
"2020-05-01","ՋԷԿ",1072.2,9.5,3399.8999999999996
"2020-06-01","ՋԷԿ",1175.9,103.70000000000005,3133.3
"2020-07-01","ՋԷԿ",1645.5,469.5999999999999,3184.1999999999994
"2020-08-01","ՋԷԿ",2079.6,434.0999999999999,3132.2999999999993
"2020-09-01","ՋԷԿ",2350.7,271.0999999999999,3036.4
"2020-10-01","ՋԷԿ",2605.6,254.9000000000001,3120.2
"2020-11-01","ՋԷԿ",2854,248.4000000000001,3176.8
"2020-12-01","ՋԷԿ",3165.5,311.5,3165.5
"2021-01-01","ՋԷԿ",327.2,327.2,3190.8999999999996
"2021-02-01","ՋԷԿ",573.8,246.59999999999997,3038.3999999999996
"2021-03-01","ՋԷԿ",844.7,270.9000000000001,3093.2
"2021-04-01","ՋԷԿ",943.1,98.39999999999998,3045.9
"2021-05-01","ՋԷԿ",1064.6,121.49999999999989,3157.9
"2021-06-01","ՋԷԿ",1289.3,224.70000000000005,3278.8999999999996
"2021-07-01","ՋԷԿ",1683.1,393.79999999999995,3203.1000000000004
"2021-08-01","ՋԷԿ",2051.5,368.4000000000001,3137.4
"2021-09-01","ՋԷԿ",2437.9,386.4000000000001,3252.7000000000007
"2021-10-01","ՋԷԿ",2750.9,313,3310.8
"2021-11-01","ՋԷԿ",3000,249.0999999999999,3311.5
"2021-12-01","ՋԷԿ",3383.7,383.6999999999998,3383.7
"2022-01-01","ՋԷԿ",434.7,434.7,3491.1999999999994
"2022-02-01","ՋԷԿ",830.7,396.00000000000006,3640.6
"2022-03-01","ՋԷԿ",1185.8,355.0999999999999,3724.7999999999997
"2022-04-01","ՋԷԿ",1463.6,277.79999999999995,3904.2
"2022-05-01","ՋԷԿ",1734.1,270.5,4053.2
"2022-06-01","ՋԷԿ",2021.7,287.60000000000014,4116.0999999999995
"2022-07-01","ՋԷԿ",2247,225.29999999999995,3947.6000000000004
"2022-08-01","ՋԷԿ",2520.2,273.1999999999998,3852.4000000000005
"2022-09-01","ՋԷԿ",2776.7,256.5,3722.5
"2022-10-01","ՋԷԿ",3033.2,256.5,3666
"2022-11-01","ՋԷԿ",3430,396.8000000000002,3813.7
"2022-12-01","ՋԷԿ",3878.7,448.6999999999998,3878.7
"2023-01-01","ՋԷԿ",431.2,431.2,3875.2
"2023-02-01","ՋԷԿ",834.4,403.2,3882.3999999999996
"2023-03-01","ՋԷԿ",1113.1,278.69999999999993,3805.999999999999
"2023-04-01","ՋԷԿ",1238.9,125.80000000000018,3653.9999999999995
"2023-05-01","ՋԷԿ",1523.7,284.79999999999995,3668.2999999999993
"2023-06-01","ՋԷԿ",1884.9,361.20000000000005,3741.8999999999996
"2023-07-01","ՋԷԿ",2289.4,404.5,3921.0999999999995
"2023-08-01","ՋԷԿ",2670.4,381,4028.8999999999996
"2023-09-01","ՋԷԿ",2870.4,200,3972.3999999999996
"2023-10-01","ՋԷԿ",3040.6,170.19999999999982,3886.0999999999995
"2023-11-01","ՋԷԿ",3357.6,317,3806.2999999999997
"2023-12-01","ՋԷԿ",3715.6,358,3715.6
"2024-01-01","ՋԷԿ",377.8,377.8,3662.2
"2024-02-01","ՋԷԿ",733.4,355.59999999999997,3614.6
"2024-03-01","ՋԷԿ",1053.6,320.19999999999993,3656.1
"2014-11-01","Ջերմային էներգիա, հազ. ԳՋ",122.5,NA,NA
"2014-12-01","Ջերմային էներգիա, հազ. ԳՋ",144.9,22.400000000000006,NA
"2015-01-01","Ջերմային էներգիա, հազ. ԳՋ",31.6,31.6,NA
"2015-02-01","Ջերմային էներգիա, հազ. ԳՋ",53.30000000000001,21.70000000000001,NA
"2015-04-01","Ջերմային էներգիա, հազ. ԳՋ",70.1,16.799999999999983,NA
"2015-05-01","Ջերմային էներգիա, հազ. ԳՋ",70.1,0,NA
"2015-06-01","Ջերմային էներգիա, հազ. ԳՋ",70.1,0,NA
"2015-07-01","Ջերմային էներգիա, հազ. ԳՋ",70.1,0,NA
"2015-08-01","Ջերմային էներգիա, հազ. ԳՋ",70.1,0,NA
"2015-11-01","Ջերմային էներգիա, հազ. ԳՋ",70.1,0,NA
"2015-12-01","Ջերմային էներգիա, հազ. ԳՋ",160,89.9,NA
"2016-01-01","Ջերմային էներգիա, հազ. ԳՋ",28.2,28.2,NA
"2016-02-01","Ջերմային էներգիա, հազ. ԳՋ",51.30000000000001,23.100000000000012,233.70000000000002
"2016-03-01","Ջերմային էներգիա, հազ. ԳՋ",51.30000000000001,0,211.3
"2016-04-01","Ջերմային էներգիա, հազ. ԳՋ",51.30000000000001,0,179.70000000000002
"2016-05-01","Ջերմային էներգիա, հազ. ԳՋ",51.30000000000001,0,158
"2016-06-01","Ջերմային էներգիա, հազ. ԳՋ",51.30000000000001,0,141.20000000000002
"2016-07-01","Ջերմային էներգիա, հազ. ԳՋ",51.30000000000001,0,141.20000000000002
"2016-08-01","Ջերմային էներգիա, հազ. ԳՋ",51.30000000000001,0,141.20000000000002
"2016-09-01","Ջերմային էներգիա, հազ. ԳՋ",51.30000000000001,0,141.20000000000002
"2016-10-01","Ջերմային էներգիա, հազ. ԳՋ",53.5,2.1999999999999886,143.4
"2016-11-01","Ջերմային էներգիա, հազ. ԳՋ",65.2,11.700000000000003,155.10000000000002
"2016-12-01","Ջերմային էներգիա, հազ. ԳՋ",34.30000000000001,-30.89999999999999,34.30000000000001
"2017-01-01","Ջերմային էներգիա, հազ. ԳՋ",31.2,31.2,37.30000000000001
"2017-02-01","Ջերմային էներգիա, հազ. ԳՋ",59.2,28.000000000000004,42.2
"2017-03-01","Ջերմային էներգիա, հազ. ԳՋ",64.2,5,47.2
"2017-04-01","Ջերմային էներգիա, հազ. ԳՋ",64.2,0,47.2
"2017-05-01","Ջերմային էներգիա, հազ. ԳՋ",64.2,0,47.2
"2017-06-01","Ջերմային էներգիա, հազ. ԳՋ",64.2,0,47.2
"2017-07-01","Ջերմային էներգիա, հազ. ԳՋ",64.2,0,47.2
"2017-08-01","Ջերմային էներգիա, հազ. ԳՋ",19.9,-44.300000000000004,2.8999999999999986
"2017-09-01","Ջերմային էներգիա, հազ. ԳՋ",64.2,44.300000000000004,47.2
"2017-10-01","Ջերմային էներգիա, հազ. ԳՋ",64.2,0,45.000000000000014
"2017-11-01","Ջերմային էներգիա, հազ. ԳՋ",24.3,-39.900000000000006,-6.599999999999994
"2017-12-01","Ջերմային էներգիա, հազ. ԳՋ",30.6,6.300000000000001,30.599999999999998
"2018-01-01","Ջերմային էներգիա, հազ. ԳՋ",5.8,5.8,5.199999999999995
"2018-02-01","Ջերմային էներգիա, հազ. ԳՋ",12,6.2,-16.600000000000005
"2018-03-01","Ջերմային էներգիա, հազ. ԳՋ",20,8,-13.600000000000009
"2018-04-01","Ջերմային էներգիա, հազ. ԳՋ",21.4,1.3999999999999986,-12.20000000000001
"2018-05-01","Ջերմային էներգիա, հազ. ԳՋ",22.8,1.4000000000000021,-10.800000000000008
"2018-06-01","Ջերմային էներգիա, հազ. ԳՋ",24,1.1999999999999993,-9.600000000000009
"2018-07-01","Ջերմային էներգիա, հազ. ԳՋ",24.9,0.8999999999999986,-8.70000000000001
"2018-08-01","Ջերմային էներգիա, հազ. ԳՋ",25.9,1,36.6
"2018-09-01","Ջերմային էներգիա, հազ. ԳՋ",26.8,0.9000000000000021,-6.800000000000008
"2018-10-01","Ջերմային էներգիա, հազ. ԳՋ",28.1,1.3000000000000007,-5.500000000000007
"2018-11-01","Ջերմային էներգիա, հազ. ԳՋ",34.80000000000001,6.70000000000001,41.100000000000016
"2018-12-01","Ջերմային էներգիա, հազ. ԳՋ",40.1,5.29999999999999,40.1
"2019-01-01","Ջերմային էներգիա, հազ. ԳՋ",3.7,3.7,38
"2019-02-01","Ջերմային էներգիա, հազ. ԳՋ",7.6,3.8999999999999995,35.7
"2019-03-01","Ջերմային էներգիա, հազ. ԳՋ",11.1,3.5,31.2
"2019-04-01","Ջերմային էներգիա, հազ. ԳՋ",12.300000000000002,1.2000000000000028,31.000000000000004
"2019-05-01","Ջերմային էներգիա, հազ. ԳՋ",13.800000000000002,1.5,31.1
"2019-06-01","Ջերմային էներգիա, հազ. ԳՋ",15.200000000000001,1.3999999999999986,31.3
"2019-07-01","Ջերմային էներգիա, հազ. ԳՋ",16.6,1.4000000000000004,31.800000000000004
"2019-08-01","Ջերմային էներգիա, հազ. ԳՋ",17.9,1.2999999999999972,32.1
"2019-09-01","Ջերմային էներգիա, հազ. ԳՋ",19,1.1000000000000014,32.3
"2019-10-01","Ջերմային էներգիա, հազ. ԳՋ",20.1,1.1000000000000014,32.1
"2019-11-01","Ջերմային էներգիա, հազ. ԳՋ",23.3,3.1999999999999993,28.59999999999999
"2019-12-01","Ջերմային էներգիա, հազ. ԳՋ",27.4,4.099999999999998,27.4
"2020-01-01","Ջերմային էներգիա, հազ. ԳՋ",4.7,4.7,28.399999999999995
"2020-02-01","Ջերմային էներգիա, հազ. ԳՋ",9.9,5.2,29.699999999999996
"2020-03-01","Ջերմային էներգիա, հազ. ԳՋ",15.1,5.199999999999999,31.399999999999995
"2020-04-01","Ջերմային էներգիա, հազ. ԳՋ",16.8,1.700000000000001,31.9
"2020-05-01","Ջերմային էներգիա, հազ. ԳՋ",18.4,1.5999999999999979,31.999999999999996
"2020-06-01","Ջերմային էներգիա, հազ. ԳՋ",22,3.6000000000000014,34.2
"2020-07-01","Ջերմային էներգիա, հազ. ԳՋ",26.3,4.300000000000001,37.099999999999994
"2020-08-01","Ջերմային էներգիա, հազ. ԳՋ",29.6,3.3000000000000007,39.099999999999994
"2020-09-01","Ջերմային էներգիա, հազ. ԳՋ",29.6,0,38
"2020-10-01","Ջերմային էներգիա, հազ. ԳՋ",29.6,0,36.89999999999999
"2020-11-01","Ջերմային էներգիա, հազ. ԳՋ",32.6,3,36.7
"2020-12-01","Ջերմային էներգիա, հազ. ԳՋ",37.5,4.899999999999999,37.5
"2021-01-01","Ջերմային էներգիա, հազ. ԳՋ",5.4,5.4,38.199999999999996
"2021-02-01","Ջերմային էներգիա, հազ. ԳՋ",9.700000000000001,4.300000000000001,37.3
"2021-03-01","Ջերմային էներգիա, հազ. ԳՋ",11.300000000000002,1.6000000000000014,33.699999999999996
"2021-04-01","Ջերմային էներգիա, հազ. ԳՋ",11.300000000000002,0,32
"2021-05-01","Ջերմային էներգիա, հազ. ԳՋ",11.300000000000002,0,30.400000000000002
"2021-06-01","Ջերմային էներգիա, հազ. ԳՋ",11.300000000000002,0,26.8
"2021-07-01","Ջերմային էներգիա, հազ. ԳՋ",11.300000000000002,0,22.500000000000004
"2021-08-01","Ջերմային էներգիա, հազ. ԳՋ",11.300000000000002,0,19.200000000000003
"2021-09-01","Ջերմային էներգիա, հազ. ԳՋ",11.300000000000002,0,19.200000000000003
"2021-10-01","Ջերմային էներգիա, հազ. ԳՋ",11.300000000000002,0,19.200000000000003
"2021-11-01","Ջերմային էներգիա, հազ. ԳՋ",11.300000000000002,0,16.200000000000003
"2021-12-01","Ջերմային էներգիա, հազ. ԳՋ",11.300000000000002,0,11.300000000000002
"2022-01-01","Ջերմային էներգիա, հազ. ԳՋ",0,0,5.900000000000002
"2022-02-01","Ջերմային էներգիա, հազ. ԳՋ",0,0,1.6000000000000014
"2022-03-01","Ջերմային էներգիա, հազ. ԳՋ",0,0,0
"2022-04-01","Ջերմային էներգիա, հազ. ԳՋ",0,0,0
"2022-05-01","Ջերմային էներգիա, հազ. ԳՋ",NA,NA,NA
"2022-06-01","Ջերմային էներգիա, հազ. ԳՋ",NA,NA,NA
"2022-07-01","Ջերմային էներգիա, հազ. ԳՋ",NA,NA,NA
"2022-08-01","Ջերմային էներգիա, հազ. ԳՋ",NA,NA,NA
"2022-09-01","Ջերմային էներգիա, հազ. ԳՋ",NA,NA,NA
"2022-10-01","Ջերմային էներգիա, հազ. ԳՋ",NA,NA,NA
"2022-11-01","Ջերմային էներգիա, հազ. ԳՋ",NA,NA,NA
"2022-12-01","Ջերմային էներգիա, հազ. ԳՋ",NA,NA,NA
"2023-01-01","Ջերմային էներգիա, հազ. ԳՋ",NA,NA,NA
"2023-02-01","Ջերմային էներգիա, հազ. ԳՋ",NA,NA,NA
"2023-03-01","Ջերմային էներգիա, հազ. ԳՋ",NA,NA,NA
"2023-04-01","Ջերմային էներգիա, հազ. ԳՋ",NA,NA,NA
"2023-05-01","Ջերմային էներգիա, հազ. ԳՋ",NA,NA,NA
"2023-06-01","Ջերմային էներգիա, հազ. ԳՋ",NA,NA,NA
"2023-07-01","Ջերմային էներգիա, հազ. ԳՋ",NA,NA,NA
"2023-08-01","Ջերմային էներգիա, հազ. ԳՋ",NA,NA,NA
"2023-09-01","Ջերմային էներգիա, հազ. ԳՋ",NA,NA,NA
"2023-10-01","Ջերմային էներգիա, հազ. ԳՋ",NA,NA,NA
"2023-11-01","Ջերմային էներգիա, հազ. ԳՋ",NA,NA,NA
"2023-12-01","Ջերմային էներգիա, հազ. ԳՋ",NA,NA,NA
"2024-01-01","Ջերմային էներգիա, հազ. ԳՋ",NA,NA,NA
"2024-02-01","Ջերմային էներգիա, հազ. ԳՋ",NA,NA,NA
"2024-03-01","Ջերմային էներգիա, հազ. ԳՋ",NA,NA,NA
"2014-11-01","արևային էլեկտրակայաններ",NA,NA,NA
"2014-12-01","արևային էլեկտրակայաններ",NA,NA,NA
"2015-01-01","արևային էլեկտրակայաններ",NA,NA,NA
"2015-02-01","արևային էլեկտրակայաններ",NA,NA,NA
"2015-04-01","արևային էլեկտրակայաններ",NA,NA,NA
"2015-05-01","արևային էլեկտրակայաններ",NA,NA,NA
"2015-06-01","արևային էլեկտրակայաններ",NA,NA,NA
"2015-07-01","արևային էլեկտրակայաններ",NA,NA,NA
"2015-08-01","արևային էլեկտրակայաններ",NA,NA,NA
"2015-11-01","արևային էլեկտրակայաններ",NA,NA,NA
"2015-12-01","արևային էլեկտրակայաններ",NA,NA,NA
"2016-01-01","արևային էլեկտրակայաններ",NA,NA,NA
"2016-02-01","արևային էլեկտրակայաններ",NA,NA,NA
"2016-03-01","արևային էլեկտրակայաններ",NA,NA,NA
"2016-04-01","արևային էլեկտրակայաններ",NA,NA,NA
"2016-05-01","արևային էլեկտրակայաններ",NA,NA,NA
"2016-06-01","արևային էլեկտրակայաններ",NA,NA,NA
"2016-07-01","արևային էլեկտրակայաններ",NA,NA,NA
"2016-08-01","արևային էլեկտրակայաններ",NA,NA,NA
"2016-09-01","արևային էլեկտրակայաններ",NA,NA,NA
"2016-10-01","արևային էլեկտրակայաններ",NA,NA,NA
"2016-11-01","արևային էլեկտրակայաններ",NA,NA,NA
"2016-12-01","արևային էլեկտրակայաններ",NA,NA,NA
"2017-01-01","արևային էլեկտրակայաններ",NA,NA,NA
"2017-02-01","արևային էլեկտրակայաններ",NA,NA,NA
"2017-03-01","արևային էլեկտրակայաններ",NA,NA,NA
"2017-04-01","արևային էլեկտրակայաններ",NA,NA,NA
"2017-05-01","արևային էլեկտրակայաններ",NA,NA,NA
"2017-06-01","արևային էլեկտրակայաններ",NA,NA,NA
"2017-07-01","արևային էլեկտրակայաններ",NA,NA,NA
"2017-08-01","արևային էլեկտրակայաններ",NA,NA,NA
"2017-09-01","արևային էլեկտրակայաններ",NA,NA,NA
"2017-10-01","արևային էլեկտրակայաններ",NA,NA,NA
"2017-11-01","արևային էլեկտրակայաններ",0.10000000000000002,NA,NA
"2017-12-01","արևային էլեկտրակայաններ",0.4,0.3,NA
"2018-01-01","արևային էլեկտրակայաններ",0.2,0.2,NA
"2018-02-01","արևային էլեկտրակայաններ",0.5,0.3,NA
"2018-03-01","արևային էլեկտրակայաններ",0.7,0.19999999999999996,NA
"2018-04-01","արևային էլեկտրակայաններ",1.2,0.5,NA
"2018-05-01","արևային էլեկտրակայաններ",1.5,0.30000000000000004,NA
"2018-06-01","արևային էլեկտրակայաններ",2,0.5,NA
"2018-07-01","արևային էլեկտրակայաններ",2.5,0.5,NA
"2018-08-01","արևային էլեկտրակայաններ",3.1,0.6000000000000001,NA
"2018-09-01","արևային էլեկտրակայաններ",3.8,0.6999999999999997,NA
"2018-10-01","արևային էլեկտրակայաններ",4.4,0.6000000000000005,NA
"2018-11-01","արևային էլեկտրակայաններ",4.8,0.39999999999999947,5.1
"2018-12-01","արևային էլեկտրակայաններ",5.1,0.2999999999999998,5.1
"2019-01-01","արևային էլեկտրակայաններ",0.6,0.6,5.499999999999999
"2019-02-01","արևային էլեկտրակայաններ",1.3999999999999997,0.7999999999999997,5.999999999999999
"2019-03-01","արևային էլեկտրակայաններ",2.3,0.9000000000000001,6.699999999999999
"2019-04-01","արևային էլեկտրակայաններ",3.3999999999999995,1.0999999999999996,7.299999999999999
"2019-05-01","արևային էլեկտրակայաններ",4.8,1.4000000000000004,8.399999999999999
"2019-06-01","արևային էլեկտրակայաններ",6.1,1.2999999999999998,9.2
"2019-07-01","արևային էլեկտրակայաններ",7.5,1.4000000000000004,10.1
"2019-08-01","արևային էլեկտրակայաններ",9,1.5,11
"2019-09-01","արևային էլեկտրակայաններ",10.200000000000001,1.200000000000001,11.500000000000002
"2019-10-01","արևային էլեկտրակայաններ",11.4,1.1999999999999993,12.1
"2019-11-01","արևային էլեկտրակայաններ",12.4,1,12.700000000000001
"2019-12-01","արևային էլեկտրակայաններ",13.4,1,13.4
"2020-01-01","արևային էլեկտրակայաններ",1.1,1.1,13.899999999999999
"2020-02-01","արևային էլեկտրակայաններ",2.1,1,14.1
"2020-03-01","արևային էլեկտրակայաններ",3.5,1.4,14.600000000000001
"2020-04-01","արևային էլեկտրակայաններ",5,1.5,15
"2020-05-01","արևային էլեկտրակայաններ",6.8,1.7999999999999998,15.400000000000002
"2020-06-01","արևային էլեկտրակայաններ",8.700000000000001,1.9000000000000012,16.000000000000004
"2020-07-01","արևային էլեկտրակայաններ",10.700000000000001,2,16.6
"2020-08-01","արևային էլեկտրակայաններ",12.800000000000002,2.1000000000000014,17.200000000000003
"2020-09-01","արևային էլեկտրակայաններ",15,2.1999999999999975,18.200000000000003
"2020-10-01","արևային էլեկտրակայաններ",17.2,2.1999999999999993,19.2
"2020-11-01","արևային էլեկտրակայաններ",19.4,2.1999999999999993,20.4
"2020-12-01","արևային էլեկտրակայաններ",21.3,1.9000000000000021,21.3
"2021-01-01","արևային էլեկտրակայաններ",3.2,3.2,23.400000000000002
"2021-02-01","արևային էլեկտրակայաններ",8,4.8,27.2
"2021-03-01","արևային էլեկտրակայաններ",13.4,5.4,31.200000000000003
"2021-04-01","արևային էլեկտրակայաններ",21.3,7.9,37.6
"2021-05-01","արևային էլեկտրակայաններ",30.8,9.5,45.3
"2021-06-01","արևային էլեկտրակայաններ",40.6,9.8,53.2
"2021-07-01","արևային էլեկտրակայաններ",49.900000000000006,9.300000000000004,60.50000000000001
"2021-08-01","արևային էլեկտրակայաններ",59,9.099999999999994,67.5
"2021-09-01","արևային էլեկտրակայաններ",68.3,9.299999999999997,74.60000000000001
"2021-10-01","արևային էլեկտրակայաններ",76.2,7.900000000000006,80.30000000000001
"2021-11-01","արևային էլեկտրակայաններ",82.3,6.099999999999994,84.19999999999999
"2021-12-01","արևային էլեկտրակայաններ",89.6,7.299999999999997,89.6
"2022-01-01","արևային էլեկտրակայաններ",9.200000000000001,9.200000000000001,95.6
"2022-02-01","արևային էլեկտրակայաններ",21.5,12.299999999999999,103.1
"2022-03-01","արևային էլեկտրակայաններ",35.80000000000001,14.300000000000011,112
"2022-04-01","արևային էլեկտրակայաններ",54.30000000000001,18.5,122.60000000000001
"2022-05-01","արևային էլեկտրակայաններ",76.5,22.19999999999999,135.3
"2022-06-01","արևային էլեկտրակայաններ",100.8,24.299999999999997,149.8
"2022-07-01","արևային էլեկտրակայաններ",128.8,28.000000000000014,168.5
"2022-08-01","արևային էլեկտրակայաններ",157.6,28.799999999999983,188.19999999999996
"2022-09-01","արևային էլեկտրակայաններ",184.3,26.700000000000017,205.60000000000002
"2022-10-01","արևային էլեկտրակայաններ",207.3,23,220.7
"2022-11-01","արևային էլեկտրակայաններ",227.4,20.099999999999994,234.70000000000002
"2022-12-01","արևային էլեկտրակայաններ",241.3,13.900000000000006,241.3
"2023-01-01","արևային էլեկտրակայաններ",23,23,255.1
"2023-02-01","արևային էլեկտրակայաններ",47.900000000000006,24.900000000000006,267.70000000000005
"2023-03-01","արևային էլեկտրակայաններ",74.1,26.19999999999999,279.6
"2023-04-01","արևային էլեկտրակայաններ",104.3,30.200000000000003,291.3
"2023-05-01","արևային էլեկտրակայաններ",141.5,37.2,306.3
"2023-06-01","արևային էլեկտրակայաններ",181.4,39.900000000000006,321.9
"2023-07-01","արևային էլեկտրակայաններ",448.6,267.20000000000005,561.1
"2023-08-01","արևային էլեկտրակայաններ",538,89.39999999999998,621.7
"2023-09-01","արևային էլեկտրակայաններ",615.3,77.29999999999995,672.3
"2023-10-01","արևային էլեկտրակայաններ",680.8,65.5,714.8
"2023-11-01","արևային էլեկտրակայաններ",727.2491803278689,46.44918032786893,741.149180327869
"2023-12-01","արևային էլեկտրակայաններ",772.2,44.95081967213116,772.2
"2024-01-01","արևային էլեկտրակայաններ",37.4,37.4,786.6
"2024-02-01","արևային էլեկտրակայաններ",97.4,60.00000000000001,821.7
"2024-03-01","արևային էլեկտրակայաններ",164.4,67,862.5000000000001
"2014-11-01","հողմային էլեկտրակայաններ",NA,NA,NA
"2014-12-01","հողմային էլեկտրակայաններ",NA,NA,NA
"2015-01-01","հողմային էլեկտրակայաններ",NA,NA,NA
"2015-02-01","հողմային էլեկտրակայաններ",NA,NA,NA
"2015-04-01","հողմային էլեկտրակայաններ",NA,NA,NA
"2015-05-01","հողմային էլեկտրակայաններ",NA,NA,NA
"2015-06-01","հողմային էլեկտրակայաններ",NA,NA,NA
"2015-07-01","հողմային էլեկտրակայաններ",NA,NA,NA
"2015-08-01","հողմային էլեկտրակայաններ",NA,NA,NA
"2015-11-01","հողմային էլեկտրակայաններ",NA,NA,NA
"2015-12-01","հողմային էլեկտրակայաններ",NA,NA,NA
"2016-01-01","հողմային էլեկտրակայաններ",NA,NA,NA
"2016-02-01","հողմային էլեկտրակայաններ",NA,NA,NA
"2016-03-01","հողմային էլեկտրակայաններ",0.8,NA,NA
"2016-04-01","հողմային էլեկտրակայաններ",0.8,0,NA
"2016-05-01","հողմային էլեկտրակայաններ",0.9,0.09999999999999998,NA
"2016-06-01","հողմային էլեկտրակայաններ",0.9,0,NA
"2016-07-01","հողմային էլեկտրակայաններ",0.9,0,NA
"2016-08-01","հողմային էլեկտրակայաններ",1,0.09999999999999998,NA
"2016-09-01","հողմային էլեկտրակայաններ",1.1,0.10000000000000009,NA
"2016-10-01","հողմային էլեկտրակայաններ",1.2,0.09999999999999987,NA
"2016-11-01","հողմային էլեկտրակայաններ",1.5,0.30000000000000004,NA
"2016-12-01","հողմային էլեկտրակայաններ",1.8,0.30000000000000004,NA
"2017-01-01","հողմային էլեկտրակայաններ",0.3000000000000001,0.3000000000000001,NA
"2017-02-01","հողմային էլեկտրակայաններ",0.6,0.2999999999999999,NA
"2017-03-01","հողմային էլեկտրակայաններ",0.8,0.20000000000000007,1.7999999999999998
"2017-04-01","հողմային էլեկտրակայաններ",1,0.19999999999999996,1.9999999999999998
"2017-05-01","հողմային էլեկտրակայաններ",1.1,0.10000000000000009,2
"2017-06-01","հողմային էլեկտրակայաններ",1.2,0.09999999999999987,2.0999999999999996
"2017-07-01","հողմային էլեկտրակայաններ",1.2,0,2.0999999999999996
"2017-08-01","հողմային էլեկտրակայաններ",1.3,0.10000000000000009,2.1
"2017-09-01","հողմային էլեկտրակայաններ",1.3,0,2
"2017-10-01","հողմային էլեկտրակայաններ",1.5,0.19999999999999996,2.0999999999999996
"2017-11-01","հողմային էլեկտրակայաններ",1.7,0.19999999999999996,2
"2017-12-01","հողմային էլեկտրակայաններ",2.1,0.40000000000000013,2.1
"2018-01-01","հողմային էլեկտրակայաններ",0.3000000000000001,0.3000000000000001,2.1
"2018-02-01","հողմային էլեկտրակայաններ",0.5,0.1999999999999999,2
"2018-03-01","հողմային էլեկտրակայաններ",0.8,0.30000000000000004,2.1
"2018-04-01","հողմային էլեկտրակայաններ",0.8,0,1.9000000000000001
"2018-05-01","հողմային էլեկտրակայաններ",0.9,0.09999999999999998,1.9
"2018-06-01","հողմային էլեկտրակայաններ",1,0.09999999999999998,1.9000000000000004
"2018-07-01","հողմային էլեկտրակայաններ",1,0,1.9000000000000004
"2018-08-01","հողմային էլեկտրակայաններ",1,0,1.8000000000000003
"2018-09-01","հողմային էլեկտրակայաններ",1.1,0.10000000000000009,1.9000000000000004
"2018-10-01","հողմային էլեկտրակայաններ",1.2,0.09999999999999987,1.8
"2018-11-01","հողմային էլեկտրակայաններ",1.3999999999999997,0.19999999999999973,1.8
"2018-12-01","հողմային էլեկտրակայաններ",1.8999999999999997,0.5,1.8999999999999997
"2019-01-01","հողմային էլեկտրակայաններ",0.6,0.6,2.1999999999999997
"2019-02-01","հողմային էլեկտրակայաններ",0.9,0.30000000000000004,2.3
"2019-03-01","հողմային էլեկտրակայաններ",1.2,0.29999999999999993,2.3
"2019-04-01","հողմային էլեկտրակայաններ",1.3999999999999997,0.19999999999999973,2.4999999999999996
"2019-05-01","հողմային էլեկտրակայաններ",1.6,0.2000000000000004,2.5999999999999996
"2019-06-01","հողմային էլեկտրակայաններ",1.8,0.19999999999999996,2.7
"2019-07-01","հողմային էլեկտրակայաններ",2,0.19999999999999996,2.9000000000000004
"2019-08-01","հողմային էլեկտրակայաններ",2.3,0.2999999999999998,3.2
"2019-09-01","հողմային էլեկտրակայաններ",2.5,0.20000000000000018,3.3
"2019-10-01","հողմային էլեկտրակայաններ",2.6,0.10000000000000009,3.3000000000000003
"2019-11-01","հողմային էլեկտրակայաններ",2.8999999999999995,0.2999999999999994,3.4000000000000004
"2019-12-01","հողմային էլեկտրակայաններ",3.3,0.40000000000000036,3.3
"2020-01-01","հողմային էլեկտրակայաններ",0.5,0.5,3.1999999999999997
"2020-02-01","հողմային էլեկտրակայաններ",0.7,0.19999999999999996,3.0999999999999996
"2020-03-01","հողմային էլեկտրակայաններ",0.9,0.20000000000000007,3
"2020-04-01","հողմային էլեկտրակայաններ",1.1,0.20000000000000007,3.000000000000001
"2020-05-01","հողմային էլեկտրակայաններ",1.3,0.19999999999999996,3
"2020-06-01","հողմային էլեկտրակայաններ",1.3999999999999997,0.09999999999999964,2.8999999999999995
"2020-07-01","հողմային էլեկտրակայաններ",1.5,0.10000000000000031,2.8
"2020-08-01","հողմային էլեկտրակայաններ",1.6,0.10000000000000009,2.6
"2020-09-01","հողմային էլեկտրակայաններ",1.6,0,2.4
"2020-10-01","հողմային էլեկտրակայաններ",1.7,0.09999999999999987,2.4000000000000004
"2020-11-01","հողմային էլեկտրակայաններ",1.8,0.10000000000000009,2.2000000000000006
"2020-12-01","հողմային էլեկտրակայաններ",1.8999999999999997,0.09999999999999964,1.8999999999999997
"2021-01-01","հողմային էլեկտրակայաններ",0.2,0.2,1.5999999999999996
"2021-02-01","հողմային էլեկտրակայաններ",0.4,0.2,1.5999999999999996
"2021-03-01","հողմային էլեկտրակայաններ",0.5,0.09999999999999998,1.4999999999999996
"2021-04-01","հողմային էլեկտրակայաններ",0.6,0.09999999999999998,1.3999999999999995
"2021-05-01","հողմային էլեկտրակայաններ",0.7,0.09999999999999998,1.2999999999999998
"2021-06-01","հողմային էլեկտրակայաններ",0.8,0.10000000000000009,1.2999999999999998
"2021-07-01","հողմային էլեկտրակայաններ",0.9,0.09999999999999998,1.2999999999999998
"2021-08-01","հողմային էլեկտրակայաններ",0.9,0,1.1999999999999997
"2021-09-01","հողմային էլեկտրակայաններ",1,0.09999999999999998,1.2999999999999998
"2021-10-01","հողմային էլեկտրակայաններ",1,0,1.1999999999999997
"2021-11-01","հողմային էլեկտրակայաններ",1.1,0.10000000000000009,1.1999999999999997
"2021-12-01","հողմային էլեկտրակայաններ",1.5,0.3999999999999999,1.5
"2022-01-01","հողմային էլեկտրակայաններ",0.5,0.5,1.8
"2022-02-01","հողմային էլեկտրակայաններ",0.8,0.30000000000000004,1.9000000000000001
"2022-03-01","հողմային էլեկտրակայաններ",1,0.19999999999999996,2
"2022-04-01","հողմային էլեկտրակայաններ",1.1,0.10000000000000009,2
"2022-05-01","հողմային էլեկտրակայաններ",1.1,0,1.9000000000000001
"2022-06-01","հողմային էլեկտրակայաններ",1.2,0.09999999999999987,1.9
"2022-07-01","հողմային էլեկտրակայաններ",1.2,0,1.8
"2022-08-01","հողմային էլեկտրակայաններ",1.3,0.10000000000000009,1.9000000000000001
"2022-09-01","հողմային էլեկտրակայաններ",1.3,0,1.8
"2022-10-01","հողմային էլեկտրակայաններ",1.3999999999999997,0.09999999999999964,1.8999999999999997
"2022-11-01","հողմային էլեկտրակայաններ",1.5,0.10000000000000031,1.9
"2022-12-01","հողմային էլեկտրակայաններ",1.8,0.30000000000000004,1.8
"2023-01-01","հողմային էլեկտրակայաններ",0.2,0.2,1.5
"2023-02-01","հողմային էլեկտրակայաններ",0.7,0.49999999999999994,1.7
"2023-03-01","հողմային էլեկտրակայաններ",0.9,0.20000000000000007,1.7000000000000002
"2023-04-01","հողմային էլեկտրակայաններ",1.1,0.20000000000000007,1.8000000000000003
"2023-05-01","հողմային էլեկտրակայաններ",1.2,0.09999999999999987,1.9000000000000001
"2023-06-01","հողմային էլեկտրակայաններ",1.2,0,1.8
"2023-07-01","հողմային էլեկտրակայաններ",1.3,0.10000000000000009,1.9000000000000001
"2023-08-01","հողմային էլեկտրակայաններ",1.3,0,1.8
"2023-09-01","հողմային էլեկտրակայաններ",1.3999999999999997,0.09999999999999964,1.8999999999999997
"2023-10-01","հողմային էլեկտրակայաններ",1.6,0.2000000000000004,2.0000000000000004
"2023-11-01","հողմային էլեկտրակայաններ",1.8999999999999997,0.2999999999999996,2.2
"2023-12-01","հողմային էլեկտրակայաններ",2.3,0.40000000000000013,2.3
"2024-01-01","հողմային էլեկտրակայաններ",0.3000000000000001,0.3000000000000001,2.4
"2024-02-01","հողմային էլեկտրակայաններ",0.4,0.09999999999999992,1.9999999999999998
"2024-03-01","հողմային էլեկտրակայաններ",0.6,0.19999999999999996,1.9999999999999998
